{
  "metrics": {
    "roc_auc": 0.7874365243558397,
    "precision": 0.86,
    "recall": 0.8410757946210269,
    "f1_score": 0.8504326328800988
  },
  "confusion_matrix": [
    [
      74,
      56
    ],
    [
      65,
      344
    ]
  ],
  "classification_report": {
    "0": {
      "precision": 0.5323741007194245,
      "recall": 0.5692307692307692,
      "f1-score": 0.550185873605948,
      "support": 130.0
    },
    "1": {
      "precision": 0.86,
      "recall": 0.8410757946210269,
      "f1-score": 0.8504326328800988,
      "support": 409.0
    },
    "accuracy": 0.7755102040816326,
    "macro avg": {
      "precision": 0.6961870503597123,
      "recall": 0.7051532819258981,
      "f1-score": 0.7003092532430234,
      "support": 539.0
    },
    "weighted avg": {
      "precision": 0.7809807664072823,
      "recall": 0.7755102040816326,
      "f1-score": 0.7780169024429195,
      "support": 539.0
    }
  }
}